letters,longest,wordlen,
adegrr,regard,6,
aehrsw,washer,6,
abeeswx,beeswax,7,
cenottx,context,7,
acdimny,dynamic,7,
bcehiot,biotech,7,
beiklos,obelisk,7,
accilny,cynical,7,
eegrstu,gesture,7,
ggilnow,glowing,7,
acchrst,scratch,7,
imorstu,tourism,7,
aadegmn,managed,7,
ghinott,tonight,7,
adilpry,rapidly,7,
abhmoort,bathroom,8,
bceilpru,republic,8,
cdeennty,tendency,8,
giinnprt,printing,8,
accinoos,occasion,8,
abefoort,barefoot,8,
abenrz,brazen,6,
enrsty,sentry,6,
anoprt,patron,6,
cdeorr,record,6,
aacglot,catalog,7,
acilmsu,musical,7,
clnoort,control,7,
dekorwy,keyword,7,
cemostu,costume,7,
clmnosu,columns,7,
ghinnot,nothing,7,
acdeent,enacted,7,
aenprrt,partner,7,
eeehlopp,peephole,8,
aaclltuy,actually,8,
gghiilnt,lighting,8,
defiinu,unified,7,
efhilms,himself,7,
aenopsw,weapons,7,
bceemos,becomes,7,
addeptu,updated,7,
beemmrs,members,7,
aeemrsu,measure,7,
eghinrr,herring,7,
aenprtt,pattern,7,
aelorvy,overlay,7,
dgilloow,goodwill,8,
aabcilnn,cannibal,8,
eehlmoss,homeless,8,
abder,bread,5,
cehkoy,hockey,6,
hnortw,thrown,6,
deiprs,spider,6,
acceinv,vaccine,7,
agirtvy,gravity,7,
aacegkp,package,7,
aadglnr,garland,7,
ccenort,concert,7,
ddefnou,founded,7,
aginnrw,warning,7,
einrrsu,insurer,7,
aadgmnr,grandma,7,
aghhlotu,although,8,
eeeilnry,eyeliner,8,
eefnqrtu,frequent,8,
aiimnttu,titanium,8,
deeeinrr,reindeer,8,
aelmtu,amulet,6,
adehln,handle,6,
beknor,broken,6,
eghitw,weight,6,
ghilst,lights,6,
emossu,mousse,6,
accekpu,cupcake,7,
cfmoort,comfort,7,
eemnoos,someone,7,
cdeeorv,covered,7,
aacelmr,caramel,7,
aemnory,anymore,7,
eeginns,engines,7,
efginor,foreign,7,
deginss,designs,7,
eghilrt,lighter,7,
celnoos,console,7,
deiostu,outside,7,
ceenprt,percent,7,
eilnoss,lesions,7,
afllnuuw,unlawful,8,
ceeorrrs,sorcerer,8,
aadimnnr,mandarin,8,
acceeilr,celeriac,8,
ghiiknnt,thinking,8,
aghinntu,haunting,8,
aelsux,sexual,6,
eimops,impose,6,
closty,costly,6,
cdeeru,reduce,6,
abnooss,bassoon,7,
deeipst,despite,7,
bghortu,brought,7,
delnoos,noodles,7,
adefltu,default,7,
deginns,sending,7,
dfghilos,goldfish,8,
aiimrstu,tiramisu,8,
adnosttu,standout,8,
abbnrsuu,suburban,8,
dehmot,method,6,
acehrr,archer,6,
deglno,golden,6,
acerttx,extract,7,
ahillnt,anthill,7,
fimnoru,uniform,7,
ceikoos,cookies,7,
achlloo,alcohol,7,
abcorrw,crowbar,7,
aceelnr,cleaner,7,
adeertt,treated,7,
deinstt,dentist,7,
bcgiilmn,climbing,8,
aceilp,plaice,6,
aflmor,formal,6,
afilry,fairly,6,
acnory,crayon,6,
eefmnrt,ferment,7,
acdeetu,educate,7,
giknnow,knowing,7,
giopssy,gossipy,7,
adiilnv,invalid,7,
fiosttu,outfits,7,
agmnost,amongst,7,
opprstu,support,7,
ceeilps,eclipse,7,
affiinty,affinity,8,
adinorry,ordinary,8,
egnoorrv,governor,8,
acciklot,cocktail,8,
delmnpuu,pendulum,8,
adilmnno,mandolin,8,
cdeikp,picked,6,
admnor,random,6,
einrtv,invert,6,
efhlopu,hopeful,7,
afhissw,sawfish,7,
deejnoy,enjoyed,7,
hlmnoty,monthly,7,
ammrsuy,summary,7,
eemoprr,emperor,7,
ddegoss,goddess,7,
agilnpy,playing,7,
ceefprt,perfect,7,
ekorrsw,workers,7,
aghinrs,sharing,7,
iimnrsty,ministry,8,
abdehllu,bullhead,8,
abekst,basket,6,
aemrtu,mature,6,
aelnry,nearly,6,
belrtu,butler,6,
aehrsv,shaver,6,
ceersu,secure,6,
aclrsty,crystal,7,
deeeknw,weekend,7,
cfnnoort,confront,8,
aainottx,taxation,8,
aghinnty,anything,8,
ceinnotu,continue,8,
aeemsssu,masseuse,8,
adeeft,defeat,6,
adhirs,radish,6,
eefrsu,refuse,6,
deegry,greedy,6,
aemppr,mapper,6,
aeiprtv,private,7,
deenstx,extends,7,
cennost,consent,7,
aeefhrt,feather,7,
adginrt,trading,7,
ddeeirs,desired,7,
bcciloor,broccoli,8,
bcehorru,brochure,8,
flrsttuu,trustful,8,
defiinty,identify,8,
ceeilnov,violence,8,
emmmnotu,momentum,8,
adilmopt,diplomat,8,
bhiops,bishop,6,
bdeilo,boiled,6,
beorsx,boxers,6,
abcnor,carbon,6,
ehinopx,phoenix,7,
afissty,satisfy,7,
aellmrs,smaller,7,
ahmpstyy,sympathy,8,
bdflotuu,doubtful,8,
aaelllpr,parallel,8,
ailrsuvv,survival,8,
acceekln,necklace,8,
aadginru,guardian,8,
agiintw,waiting,7,
celmopx,complex,7,
filorst,florist,7,
aeegllz,gazelle,7,
ceorrty,rectory,7,
celrtuu,culture,7,
afhlmru,harmful,7,
ghhortu,through,7,
belmpru,plumber,7,
cddeeru,reduced,7,
aeimnty,anytime,7,
degilnu,indulge,7,
eegilopu,epilogue,8,
beeilrrt,terrible,8,
aflmoprt,platform,8,
aailnssy,analysis,8,
aceprt,carpet,6,
dehlor,holder,6,
aegmnt,magnet,6,
ceikls,sickle,6,
chloos,school,6,
bcklos,blocks,6,
demnor,modern,6,
deffir,differ,6,
ehorsw,shower,6,
inoprs,prison,6,
cdfhios,codfish,7,
cemoops,compose,7,
afhinos,fashion,7,
deeiprx,expired,7,
cefnosu,confuse,7,
aaeirtv,variate,7,
cddeinu,induced,7,
cdeeisv,devices,7,
celnosu,counsel,7,
eefhlrs,herself,7,
ceiprtu,picture,7,
deooprt,torpedo,7,
eeginrt,integer,7,
biilmoty,mobility,8,
aehlmppt,pamphlet,8,
eiiopstv,positive,8,
eeelmott,omelette,8,
ceeeiprv,perceive,8,
cceenort,concrete,8,
afmort,format,6,
cdefor,forced,6,
aeehltt,athlete,7,
aabceln,balance,7,
bceimno,combine,7,
aciprvy,privacy,7,
celmnoo,monocle,7,
cenortv,convert,7,
adginrw,drawing,7,
cfllooru,colorful,8,
deilnovv,involved,8,
ehnnorrt,northern,8,
aehkrs,shaker,6,
afgilln,falling,7,
acehlnn,channel,7,
egrrsuy,surgery,7,
emprttu,trumpet,7,
acehimn,machine,7,
acegiln,angelic,7,
deoppst,stopped,7,
aaeemnt,manatee,7,
ehnrstu,hunters,7,
deelnrs,lenders,7,
cloooprt,protocol,8,
bhiioprt,prohibit,8,
bcillpuy,publicly,8,
aehkrw,hawker,6,
abdnry,brandy,6,
acerrt,carter,6,
aackstt,attacks,7,
bgiknoo,booking,7,
ceehilv,vehicle,7,
ehnosty,honesty,7,
eehlrst,shelter,7,
cellosy,closely,7,
aaepprs,appears,7,
eimmpru,premium,7,
eilqrrsu,squirrel,8,
eeggimnr,emerging,8,
adeinott,antidote,8,
addlnoow,download,8,
acfort,factor,6,
bdeelov,beloved,7,
aahlpst,asphalt,7,
eeknoty,keynote,7,
eegikns,seeking,7,
dghilno,holding,7,
ooprssu,soursop,7,
deeilns,linseed,7,
deeersv,deserve,7,
aciimnsu,musician,8,
adeinppx,appendix,8,
acilnoot,location,8,
bdenoy,beyond,6,
aeeilrz,realize,7,
aadgimr,diagram,7,
acfltuy,faculty,7,
gilnsty,styling,7,
celrtuy,cutlery,7,
bdeilru,builder,7,
efinsst,fitness,7,
aaccertu,accurate,8,
ceikln,nickel,6,
cdeilo,coiled,6,
addemn,demand,6,
cehkptu,ketchup,7,
ccehios,choices,7,
adeelmr,emerald,7,
deinsty,density,7,
aabelluv,valuable,8,
adnoqrsu,squadron,8,
eillmptu,multiple,8,
giklnoo,looking,7,
cgiknoo,cooking,7,
aaacmrs,mascara,7,
acdffhnu,handcuff,8,
abeegttu,baguette,8,
eflopruw,powerful,8,
aceelntt,tentacle,8,
eegimnru,meringue,8,
ceelnrty,recently,8,
enorrtuv,turnover,8,
aeklrw,walker,6,
cehmor,chrome,6,
aehrtt,threat,6,
aefgilr,fragile,7,
adhiloy,holiday,7,
afilnpu,painful,7,
acckoss,cassock,7,
bennorw,newborn,7,
degnoru,undergo,7,
acdeeln,cleaned,7,
aeepprr,prepare,7,
ckknootu,knockout,8,
bdgiilnu,building,8,
aadfinru,unafraid,8,
acciilrt,critical,8,
eiooppst,opposite,8,
ehmort,mother,6,
amnnosw,snowman,7,
abdgluy,ladybug,7,
aegilrz,glazier,7,
aeghinr,hearing,7,
adenpsx,expands,7,
eiinprs,inspire,7,
cenortu,counter,7,
aeiimmxz,maximize,8,
ceiilptx,explicit,8,
acimnnno,cinnamon,8,
abeoppry,paperboy,8,
aimnnoty,antimony,8,
aceghr,charge,6,
aachnry,anarchy,7,
aaeegrv,average,7,
ceefnor,enforce,7,
adforrw,forward,7,
ceinsst,insects,7,
emnoosuv,venomous,8,
bemnoort,trombone,8,
cegiintx,exciting,8,
aaeekprt,parakeet,8,
ccdelnou,conclude,8,
aceklt,tackle,6,
aeghrt,gather,6,
ckloorw,rowlock,7,
ddeoppr,dropped,7,
ceessux,excuses,7,
aabdegn,bandage,7,
beilmsu,sublime,7,
aailmns,animals,7,
aeilrty,reality,7,
aalopprv,approval,8,
ceemnory,ceremony,8,
aceegorv,coverage,8,
aabckrrs,barracks,8,
effhoors,offshore,8,
aeillotv,volatile,8,
deeiqrru,required,8,
adhosw,shadow,6,
acdekp,packed,6,
abekry,bakery,6,
abilmox,mailbox,7,
abfflou,buffalo,7,
deelopx,explode,7,
cejoprt,project,7,
cdeeesx,exceeds,7,
aabeggr,garbage,7,
allosww,swallow,7,
aacfirrt,aircraft,8,
aaeflrtw,flatware,8,
cceilnuy,unicycle,8,
aabellmt,meatball,8,
cdeeeinv,evidence,8,
aimprt,impart,6,
eeprstx,experts,7,
abbdegr,grabbed,7,
ghiintw,whiting,7,
aceerrs,careers,7,
aceerrt,terrace,7,
cfiilopr,prolific,8,
aciisttv,activist,8,
aberty,betray,6,
aeglrv,gravel,6,
accekop,peacock,7,
cdoprtu,product,7,
cenoruv,uncover,7,
deilmop,implode,7,
eerrssv,servers,7,
efflrtu,truffle,7,
aacddenv,advanced,8,
eimnoptt,impotent,8,
ceelmopt,complete,8,
eiimnoss,emission,8,
deinrv,driven,6,
aeemosw,awesome,7,
beiilsv,visible,7,
abceesu,because,7,
accilry,acrylic,7,
ceikqru,quicker,7,
adeilpp,applied,7,
egorrsw,growers,7,
ciiklpst,lipstick,8,
aegglnpt,eggplant,8,
giimmnsw,swimming,8,
ceefhlru,cheerful,8,
afillny,finally,7,
acffirt,traffic,7,
cceikrt,cricket,7,
aceffst,affects,7,
ddeginw,wedding,7,
adeeflr,federal,7,
aaenpst,peasant,7,
enooppst,postpone,8,
ademsu,amused,6,
aeilqtu,tequila,7,
aabcort,acrobat,7,
deopprr,dropper,7,
ablnoty,notably,7,
efflmru,muffler,7,
aginntw,wanting,7,
eirrstw,writers,7,
bemnrsu,numbers,7,
deorsty,destroy,7,
aeehnrwy,anywhere,8,
aeggmort,mortgage,8,
deennorw,renowned,8,
hilops,polish,6,
ceorsv,covers,6,
eefilr,relief,6,
adeprs,spread,6,
deiknsy,kidneys,7,
elmopsy,employs,7,
moopssu,opossum,7,
ceffios,offices,7,
aabcelp,capable,7,
behorrt,brother,7,
aceiqru,acquire,7,
cehiknt,kitchen,7,
aceelns,cleanse,7,
eehinrt,neither,7,
aachimrr,armchair,8,
eeelmopy,employee,8,
degjmntu,judgment,8,
aaenpprt,apparent,8,
ijlnoty,jointly,7,
eghirsy,greyish,7,
bcehrtu,butcher,7,
ceemopt,compete,7,
ghloruy,roughly,7,
deeffor,offered,7,
aceehht,cheetah,7,
inoopst,options,7,
ademssu,assumed,7,
beiilmoz,mobilize,8,
aefrst,faster,6,
alprty,partly,6,
abclnoy,balcony,7,
afgimny,magnify,7,
bdknooor,doorknob,8,
aacgiimn,magician,8,
adeenptt,patented,8,
acnnostt,constant,8,
eefnortu,fourteen,8,
abekrr,barker,6,
eehhrtw,whether,7,
aehinrt,hairnet,7,
eefgiln,feeling,7,
acegilr,glacier,7,
ddegilr,griddle,7,
cceimnoo,economic,8,
abcdeefk,feedback,8,
ddeeinnt,intended,8,
eghintt,tighten,7,
acilpst,plastic,7,
aeglrty,greatly,7,
bdeilnr,brindle,7,
cenorrs,corners,7,
abcdortu,abductor,8,
aceeghnx,exchange,8,
ceeenprs,presence,8,
eopprrty,property,8,
aaddemry,daydream,8,
ceikstt,tickets,7,
cdeelux,exclude,7,
effhirs,sheriff,7,
bdegilo,obliged,7,
ghinost,hosting,7,
cghilnot,clothing,8,
aacgimnp,campaign,8,
adekmr,marked,6,
aelrwy,lawyer,6,
cchinor,chronic,7,
adeirrv,arrived,7,
deipstu,dispute,7,
acginor,organic,7,
efforst,efforts,7,
eefhrrs,refresh,7,
aenrssw,answers,7,
aegllry,gallery,7,
aacdilnr,cardinal,8,
adeeimtt,meditate,8,
cehint,ethnic,6,
ckrstu,trucks,6,
ehlosv,shovel,6,
aeeimnx,examine,7,
aegmnrt,garment,7,
eghhist,highest,7,
cceilrty,tricycle,8,
abceehs,beaches,7,
acejkst,jackets,7,
acddehr,cheddar,7,
abdhirty,birthday,8,
acdnostw,downcast,8,
aacilnrv,carnival,8,
adeqsttu,squatted,8,
aloopprs,proposal,8,
acdlnoru,cauldron,8,
ghinopps,shopping,8,
eekrsw,skewer,6,
bcejost,objects,7,
cehiops,hospice,7,
adelopt,tadpole,7,
cdeeitx,excited,7,
ceimnos,incomes,7,
adenopt,notepad,7,
ddeefin,defined,7,
aeginrv,vinegar,7,
cefirty,certify,7,
bdemoor,bedroom,7,
aaeprtxy,taxpayer,8,
aabbells,baseball,8,
chistw,switch,6,
eiloptx,exploit,7,
aehhlty,healthy,7,
aabcdkry,backyard,8,
adhhiprs,hardship,8,
deeimnpt,pediment,8,
aacdeotv,advocate,8,
cceeilrt,electric,8,
iinoopst,position,8,
bfhilosw,blowfish,8,
ceknor,reckon,6,
aceeps,escape,6,
aaceknp,pancake,7,
cchipsy,psychic,7,
aacinpt,captain,7,
cehimny,chimney,7,
adorstw,towards,7,
beknooot,notebook,8,
aclmrsuu,muscular,8,
eeghortt,together,8,
cddeilnu,included,8,
deikln,linked,6,
eefiknnp,penknife,8,
ceeemrty,cemetery,8,
afghilps,flagship,8,
aaabdest,database,8,
cdemnotu,document,8,
aeekortv,takeover,8,
abcehmr,chamber,7,
acgimnp,camping,7,
aefflru,fearful,7,
ehhnoors,shoehorn,8,
aeilpps,applies,7,
afloruv,flavour,7,
aeegintv,negative,8,
acdehtw,watched,7,
aacemrs,cameras,7,
ffiklort,forklift,8,
acilmnop,complain,8,
adeehiln,headline,8,
aceikpx,pickaxe,7,
acgiorsu,gracious,8,
cehkor,choker,6,
aeelmpx,example,7,
aacehrt,trachea,7,
aailrwy,railway,7,
beeorwy,eyebrow,7,
deioprv,provide,7,
deirrsv,drivers,7,
eeiqrsu,queries,7,
aefiortv,favorite,8,
acehsw,cashew,6,
acdeehr,reached,7,
dehmost,methods,7,
ijmpstuu,jumpsuit,8,
accdeint,accident,8,
ghillsty,slightly,8,
aehltw,wealth,6,
dinosww,windows,7,
accehil,chalice,7,
belmstu,stumble,7,
degilooy,ideology,8,
aeilmmor,memorial,8,
acdhorr,orchard,7,
achinps,spinach,7,
beorrsw,browser,7,
aachmntw,watchman,8,
affgiirt,graffiti,8,
eefmprru,perfumer,8,
abelrz,blazer,6,
aceehpr,cheaper,7,
acmnopy,company,7,
bcilmosy,symbolic,8,
abinrtuy,urbanity,8,
aeikmst,mistake,7,
ceffior,officer,7,
cdeehlsu,schedule,8,
acddeetu,educated,8,
deffisu,diffuse,7,
aceltxy,exactly,7,
cdeopru,produce,7,
acffiilo,official,8,
allmnory,normally,8,
deimops,imposed,7,
ceemoorv,overcome,8,
efmoprr,perform,7,
efikorrw,firework,8,
elopprry,properly,8,
dehnoow,hoedown,7,
flloosw,follows,7,
aehprty,therapy,7,
adeimotz,atomized,8,
cghinotu,touching,8,
defioorw,firewood,8,
aeilqtuy,equality,8,
aehilvy,heavily,7,
acemopr,compare,7,
acdeeps,escaped,7,
beefillx,flexible,8,
aeffgir,giraffe,7,
eeiprvw,preview,7,
cdegikn,decking,7,
cdeirtv,verdict,7,
adeefhor,forehead,8,
beeorsv,observe,7,
acdimnsy,dynamics,8,
aaegimnz,magazine,8,
ahknst,thanks,6,
adeimmr,mermaid,7,
eeerstwz,tweezers,8,
eelmopry,employer,8,
afilmnor,informal,8,
eflorwy,flowery,7,
dekopst,desktop,7,
eegiknp,keeping,7,
belmrruy,mulberry,8,
eefginrz,freezing,8,
eflorsw,flowers,7,
acnorrty,contrary,8,
ceepstx,expects,7,
deefmpru,perfumed,8,
eeirsvw,reviews,7,
cekknor,knocker,7,
aceelrv,cleaver,7,
acdfflos,scaffold,8,
eeiorvvw,overview,8,
cdeiorv,divorce,7,
effginor,offering,8,
acdeghr,charged,7,
eehorvw,however,7,
hkooprsw,workshop,8,
deeghitw,weighted,8,
aeinoqtu,equation,8,
ccehikn,chicken,7,
ehikswy,whiskey,7,
aeehrtw,weather,7,
acdhinsw,sandwich,8,
eimqstuy,mystique,8,
accehimn,mechanic,8,
ccdeekoy,cockeyed,8,
cddeelux,excluded,8,
afilmpy,amplify,7,
cceehkrs,checkers,8,
eilott,toilet,6,
adennt,tanned,6,
loost,tools,5,
egnotu,tongue,6,
eillnss,illness,7,
eeirss,series,6,
aeels,lease,5,
ceorrt,rector,6,
ailors,sailor,6,
elnosss,lessons,7,
aenossuu,nauseous,8,
deglo,lodge,5,
cceors,soccer,6,
eelstt,settle,6,
ailprs,spiral,6,
gilnru,ruling,6,
mnnooos,monsoon,7,
eeinnst,intense,7,
bdeit,debit,5,
ammort,marmot,6,
ersuvy,survey,6,
beloor,bolero,6,
eeimnr,ermine,6,
acorrt,carrot,6,
annstu,suntan,6,
ginrst,string,6,
enrrtu,return,6,
elrstu,result,6,
eggirrt,trigger,7,
aeiilnr,airline,7,
cdiirstt,district,8,
aeiiintt,initiate,8,
eillnt,lentil,6,
iillmno,million,7,
aaglruu,augural,7,
ellnop,pollen,6,
ccenos,sconce,6,
adgnor,dragon,6,
eellrs,seller,6,
ceenrt,center,6,
iimnoss,mission,7,
accilss,classic,7,
aeelnrr,learner,7,
eprsu,super,5,
ailotx,oxtail,6,
eefrtu,refute,6,
access,access,6,
aemnnr,manner,6,
cdeglu,cudgel,6,
erssuv,versus,6,
llorst,stroll,6,
einrtw,winter,6,
gggilno,logging,7,
ceelttu,lettuce,7,
addinor,android,7,
ginnnstu,stunning,8,
aelry,early,5,
acnotu,toucan,6,
celntu,lucent,6,
aiillnv,villain,7,
ajlnoru,journal,7,
egillns,selling,7,
eghnrstt,strength,8,
aeessw,seesaw,6,
deinnr,dinner,6,
dgiinr,riding,6,
aceltt,cattle,6,
aegglr,gargle,6,
ccesssu,success,7,
celnsuu,nucleus,7,
egilrtt,glitter,7,
hlost,sloth,5,
ceelry,celery,6,
abinot,obtain,6,
beirtt,bitter,6,
aenoss,season,6,
abeeln,enable,6,
ainrruy,urinary,7,
dooortu,outdoor,7,
accnott,contact,7,
ccellot,collect,7,
cceorrt,correct,7,
aceinnt,ancient,7,
aeqrsu,square,6,
eillmr,miller,6,
eirrtw,writer,6,
inprtu,turnip,6,
ceelst,select,6,
fiorsuu,furious,7,
ginsw,wings,5,
aelltw,wallet,6,
ceilnp,pencil,6,
aeflln,fallen,6,
ginrty,trying,6,
eefrrt,ferret,6,
acenor,cornea,6,
eeoprs,repose,6,
eelmpt,temple,6,
degilr,glider,6,
agiimor,origami,7,
adilnss,islands,7,
adeegll,alleged,7,
deeenrt,entered,7,
aaiimnnt,maintain,8,
diiinosv,division,8,
eilov,olive,5,
aimnrt,martin,6,
ddeegr,dredge,6,
giinrs,rising,6,
gimnnor,morning,7,
adgiilt,digital,7,
aaegmss,massage,7,
aeggglu,luggage,7,
einosss,session,7,
egglnsu,snuggle,7,
eilnotu,outline,7,
addiinot,addition,8,
aailnnot,national,8,
beinsssu,business,8,
cehils,chisel,6,
aegrrv,graver,6,
acllor,collar,6,
iiprst,spirit,6,
eirsst,sister,6,
inoopt,option,6,
aeggrt,garget,6,
agillnu,lingual,7,
ainnost,nations,7,
acciilln,clinical,8,
dipstu,stupid,6,
eehlpr,helper,6,
lmosty,mostly,6,
aeqrrtu,quarter,7,
cegiiln,ceiling,7,
ccennot,connect,7,
eilnsss,sinless,7,
allotty,totally,7,
berttu,butter,6,
eisstu,suites,6,
eorrtu,router,6,
cceiltu,cuticle,7,
ciorsuu,curious,7,
belostt,bottles,7,
abceens,absence,7,
bdeelnr,blender,7,
aaeeltuv,evaluate,8,
ehnrtu,hunter,6,
eemorv,remove,6,
aeerrs,eraser,6,
aelntt,talent,6,
deerst,desert,6,
beeentw,between,7,
aahinpr,piranha,7,
deegssu,guessed,7,
ennorsu,neurons,7,
acginsu,causing,7,
adilrz,lizard,6,
deikll,killed,6,
eelmry,merely,6,
acgilr,garlic,6,
ddeenp,depend,6,
adegnr,garden,6,
dhilnop,dolphin,7,
acegott,cottage,7,
aacrtuy,actuary,7,
aacdint,antacid,7,
cenrsuw,unscrew,7,
cenrtuy,century,7,
ginpttu,putting,7,
celmssu,muscles,7,
acelsss,classes,7,
aeeelrs,release,7,
aaceilln,alliance,8,
gioorrsu,rigorous,8,
deirw,weird,5,
eimntt,mitten,6,
aehiln,inhale,6,
einors,senior,6,
eegimr,regime,6,
ceorst,sector,6,
giimnss,missing,7,
aeimssv,massive,7,
ccennor,concern,7,
aeegmss,message,7,
bnosttu,buttons,7,
aacdlns,scandal,7,
afinnst,infants,7,
cloorsu,colours,7,
beeoortt,beetroot,8,
aadegm,damage,6,
bdeinr,binder,6,
accilmu,calcium,7,
eeeimns,enemies,7,
degioos,goodies,7,
gimnnotu,mounting,8,
ailmnr,marlin,6,
aginsy,saying,6,
bceips,biceps,6,
adeptu,update,6,
enortt,rotten,6,
eprsuu,pursue,6,
allsuuy,usually,7,
addeopt,adopted,7,
aefllnn,flannel,7,
eirtttw,twitter,7,
acemnu,acumen,6,
bimstu,submit,6,
bempru,bumper,6,
chistt,stitch,6,
dhlosu,should,6,
eiklnu,unlike,6,
dginru,during,6,
emmrsu,summer,6,
bdelnu,bundle,6,
beglot,goblet,6,
aegint,eating,6,
agnotu,nougat,6,
eenrsu,ensure,6,
aegrtt,target,6,
acenpr,prance,6,
dioprt,tripod,6,
ehnort,throne,6,
deinnt,intend,6,
cemootu,outcome,7,
aeemnno,anemone,7,
deilrzz,drizzle,7,
aggiimn,imaging,7,
aceennt,canteen,7,
abelmnu,albumen,7,
ceeflrt,reflect,7,
adilnru,diurnal,7,
elosttu,outlets,7,
iprrstu,irrupts,7,
ceeilns,license,7,
enrrtuu,nurture,7,
acllrtuu,cultural,8,
aeeilttv,levitate,8,
iillnosu,illusion,8,
aimnnotu,mountain,8,
aaddnrst,standard,8,
agilnnnp,planning,8,
eilopt,polite,6,
eeimpr,empire,6,
ahortt,throat,6,
aesttt,attest,6,
aelrry,rarely,6,
eeinrt,entire,6,
eginrs,singer,6,
aeiimrt,airtime,7,
aillnst,install,7,
aennnpt,pennant,7,
cnooppr,popcorn,7,
ddeerss,dressed,7,
cdisssu,discuss,7,
ilsstty,stylist,7,
adeeiss,disease,7,
illloopp,lollipop,8,
elloorrv,rollover,8,
abflloot,football,8,
ddelnsuy,suddenly,8,
eiinoptt,petition,8,
aillortt,tortilla,8,
aeilmttu,ultimate,8,
ahprs,sharp,5,
ceilop,police,6,
bdeeis,beside,6,
definr,friend,6,
aehlrt,halter,6,
airstvy,varsity,7,
bbeorry,robbery,7,
eeginnv,evening,7,
aceehnn,enhance,7,
ailssuv,visuals,7,
aenosss,seasons,7,
aceilmt,climate,7,
chlooss,schools,7,
eloprtt,plotter,7,
aaegglnu,language,8,
agiknt,taking,6,
abeent,beaten,6,
elmouv,volume,6,
bdilns,blinds,6,
eginop,pigeon,6,
eiostv,soviet,6,
aceelr,cereal,6,
inoops,poison,6,
ceilnt,client,6,
cddeei,decide,6,
aegrrt,garter,6,
enorss,sensor,6,
accnotu,account,7,
adllors,dollars,7,
ainostt,station,7,
einrttw,written,7,
eirssuv,viruses,7,
bhinrsu,burnish,7,
beelmrt,tremble,7,
aeinptt,patient,7,
ccefiips,specific,8,
behinnos,shinbone,8,
aciilmnr,criminal,8,
beegiill,eligible,8,
aeeimmnt,meantime,8,
aeiimntt,intimate,8,
aafiilmr,familiar,8,
aginsv,saving,6,
aeeflm,female,6,
ginsty,stingy,6,
aoprrt,parrot,6,
aeintxy,anxiety,7,
beeeilv,believe,7,
ciortvy,victory,7,
ccilnou,council,7,
aegimnn,meaning,7,
deiilmt,limited,7,
egmnooos,mongoose,8,
adghilnn,handling,8,
imoprt,import,6,
ailmno,oilman,6,
benorz,bronze,6,
achnos,anchos,6,
abberr,barber,6,
deiins,inside,6,
cdnoor,condor,6,
eegins,seeing,6,
eforst,forest,6,
agmoprr,program,7,
aclnoov,volcano,7,
acdituv,viaduct,7,
ceglosu,glucose,7,
abiilty,ability,7,
efhrrtu,further,7,
deinrtt,trident,7,
cceeins,science,7,
ddeeorr,ordered,7,
aegiimn,imagine,7,
diillmnw,windmill,8,
ceeennst,sentence,8,
dirssttu,distrust,8,
cefinott,confetti,8,
aeggginn,engaging,8,
celopu,couple,6,
aeemss,sesame,6,
acerss,scares,6,
acdmmno,command,7,
ceiintz,citizen,7,
ceeinns,incense,7,
eglnpru,plunger,7,
aanrrtwy,warranty,8,
aehmmr,hammer,6,
accenr,cancer,6,
abelnu,nebula,6,
ehinrs,shrine,6,
cemrruy,mercury,7,
giinstt,sitting,7,
eggsstu,suggest,7,
acddees,decades,7,
cdeeilp,pedicle,7,
ceeeimnn,eminence,8,
afinnotu,fountain,8,
ddensu,sudden,6,
adimno,domain,6,
aaelpp,appeal,6,
eginor,region,6,
einnst,tennis,6,
aailrrv,arrival,7,
aalnsty,analyst,7,
eeemrtx,extreme,7,
aalnrtu,natural,7,
cenoorr,coroner,7,
opsttuu,outputs,7,
eeiilnpp,pipeline,8,
cilopy,policy,6,
hinpsx,sphinx,6,
abdeet,debate,6,
adenpx,expand,6,
ceoppr,copper,6,
aegrsy,greasy,6,
ddeilm,middle,6,
aemnru,manure,6,
acimos,mosaic,6,
bcrssu,scrubs,6,
defnou,fondue,6,
eoprtx,export,6,
eginsu,genius,6,
dehlru,hurdle,6,
akorrtw,artwork,7,
aeiimtt,imitate,7,
ejnoruy,journey,7,
coprrtu,corrupt,7,
bgilooy,biology,7,
eghilnp,helping,7,
aaeistt,satiate,7,
aaccdes,cascade,7,
cennott,content,7,
aainrtv,variant,7,
ainopss,passion,7,
eeiprsx,expires,7,
aagilnv,vaginal,7,
aaegmnr,manager,7,
cenrrtu,current,7,
deerrss,dresser,7,
cdefosu,focused,7,
eoorrst,rooster,7,
eefillss,lifeless,8,
aaahmnrt,amaranth,8,
mooorrtw,tomorrow,8,
glnorsty,strongly,8,
aiinnosv,invasion,8,
aacegirr,carriage,8,
eeoprrrt,reporter,8,
eemoorrv,moreover,8,
aenrtu,nature,6,
gortuy,yogurt,6,
aailms,salami,6,
bdeorr,border,6,
adeipr,diaper,6,
efhllpu,helpful,7,
ddehnru,hundred,7,
biorrtu,burrito,7,
aalsstu,assault,7,
egglooy,geology,7,
aaellrt,lateral,7,
aceirrr,carrier,7,
beefils,beliefs,7,
ddeeirv,derived,7,
aadlnss,sandals,7,
gginorw,growing,7,
acckooot,cockatoo,8,
aioprrtt,portrait,8,
almnor,normal,6,
deegnr,gender,6,
acellr,recall,6,
aciorrs,corsair,7,
cdoorst,doctors,7,
ceeffst,effects,7,
accnoor,raccoon,7,
eenprtv,prevent,7,
cdeilnu,include,7,
eeeginnr,engineer,8,
ceimno,income,6,
aadepr,parade,6,
aacelp,palace,6,
almnos,salmon,6,
bdeknu,debunk,6,
eimpru,umpire,6,
aeghnr,hanger,6,
eerstt,street,6,
aeehrt,heater,6,
eirsuvv,survive,7,
aaaglns,lasagna,7,
cinnoru,unicorn,7,
ghinosw,showing,7,
eiilmss,missile,7,
addffnru,dandruff,8,
eklooorv,overlook,8,
eeenorvy,everyone,8,
bdelou,double,6,
afilmy,family,6,
adhlry,hardly,6,
celorv,clover,6,
eehirt,either,6,
abeggr,beggar,6,
eoprrt,report,6,
aeelrt,relate,6,
ccikopt,cockpit,7,
kllmosu,mollusk,7,
emmnost,moments,7,
eefinss,finesse,7,
ginnrtu,turning,7,
acdeghn,changed,7,
einprrt,printer,7,
eeimrtt,termite,7,
aginnnoy,annoying,8,
aaccdeim,academic,8,
eeeghint,eighteen,8,
deknoy,donkey,6,
abeglu,beluga,6,
elnoss,lesson,6,
aenptt,patent,6,
ceinpr,prince,6,
adeerr,reader,6,
eimrtux,mixture,7,
cemnosu,consume,7,
abeklnt,blanket,7,
eknortw,network,7,
acinrtu,curtain,7,
ddeeotv,devoted,7,
aeilnpx,explain,7,
densttu,student,7,
eeiiklsw,likewise,8,
eiiknnsw,wineskin,8,
cdiinstt,distinct,8,
ghhoortu,thorough,8,
cfinnotu,function,8,
bceklu,buckle,6,
abinos,bonsai,6,
acdeln,candle,6,
aelrtt,latter,6,
beefint,benefit,7,
bemssuu,subsume,7,
eeimmns,immense,7,
abeirrr,barrier,7,
ahmnory,harmony,7,
eeggisv,veggies,7,
deeegrt,greeted,7,
bilrsty,bristly,7,
fgiilnt,lifting,7,
accilru,crucial,7,
celmpru,crumple,7,
dinoors,indoors,7,
deghilt,delight,7,
aeillrt,literal,7,
dnorrsuu,surround,8,
dginoppr,dropping,8,
aacinotv,vacation,8,
ailmmort,immortal,8,
dddeiinv,dividend,8,
agiinnpt,painting,8,
eilmty,timely,6,
aeilsy,easily,6,
acdelr,cradle,6,
almsuy,asylum,6,
eemprt,temper,6,
horsst,shorts,6,
adeggr,dagger,6,
adlmno,almond,6,
aaillnv,vanilla,7,
efilopr,profile,7,
aefflsw,waffles,7,
aehnpps,happens,7,
aeeilrr,earlier,7,
eeenruv,revenue,7,
aeijlnv,javelin,7,
adelnnp,planned,7,
ghiinst,insight,7,
ceoprtt,protect,7,
agiilns,sailing,7,
acnoort,cartoon,7,
aahmnort,marathon,8,
ceeeirsx,exercise,8,
dghiimnt,midnight,8,
eiinorrt,interior,8,
ceeilnot,election,8,
fgghiint,fighting,8,
acgghinn,changing,8,
behilorr,horrible,8,
aacemr,camera,6,
adensu,sundae,6,
agimnr,arming,6,
eeersv,severe,6,
aderrw,reward,6,
aelqtuz,quetzal,7,
chiorst,ostrich,7,
aaegnrr,arrange,7,
aemorrr,armorer,7,
acilrty,clarity,7,
abeelns,enables,7,
egoprru,grouper,7,
ahimntuy,humanity,8,
adeitttu,attitude,8,
dghnotuu,doughnut,8,
adimnnot,dominant,8,
aaclpttu,catapult,8,
nnooprsu,pronouns,8,
ceeeirrv,receiver,8,
acers,acres,5,
eehlmt,helmet,6,
aehhlt,health,6,
ehorty,theory,6,
aenptu,peanut,6,
deikny,kidney,6,
gipsty,pigsty,6,
acilos,social,6,
eerrsv,server,6,
aaclost,coastal,7,
bcdiorw,cowbird,7,
affnors,saffron,7,
abilrry,library,7,
iimosst,mitosis,7,
aaefrrw,warfare,7,
fhinssu,sunfish,7,
dehnoor,honored,7,
aadglru,gradual,7,
acgilln,calling,7,
aadderw,awarded,7,
egmortu,gourmet,7,
deeelns,needles,7,
eeloprx,explore,7,
chinosu,cushion,7,
iorsttu,tourist,7,
deiilmp,implied,7,
eoprtty,pottery,7,
aeeinrt,trainee,7,
deeipss,despise,7,
adeggst,gadgets,7,
cceilrs,circles,7,
aeegrrt,greater,7,
giinors,origins,7,
fhlmotuu,mouthful,8,
abehiorv,behavior,8,
cceemmor,commerce,8,
deegghho,hedgehog,8,
acfiilty,facility,8,
ainqttuy,quantity,8,
aabimors,ambrosia,8,
defiillw,wildlife,8,
cddegiin,deciding,8,
bbdellmu,dumbbell,8,
deellmor,modeller,8,
elmopy,employ,6,
enoprv,proven,6,
aeintv,native,6,
eelpsy,sleepy,6,
bdenru,burned,6,
deginw,winged,6,
airsst,stairs,6,
ehlost,hotels,6,
fghiins,fishing,7,
eimoprv,improve,7,
aeglrru,regular,7,
aabdorv,bravado,7,
aimnstu,tsunami,7,
aefhrrt,farther,7,
aabdhlln,handball,8,
eeehnrvw,whenever,8,
aceopt,toecap,6,
effrsu,suffer,6,
fhortu,fourth,6,
abbors,absorb,6,
elmssu,mussel,6,
knrstu,trunks,6,
acelst,castle,6,
acginr,racing,6,
ccenopt,concept,7,
eeoprrv,reprove,7,
bceegir,iceberg,7,
cemmnot,comment,7,
aeeoprt,operate,7,
ceijstu,justice,7,
aciiilnv,civilian,8,
aehlntuz,hazelnut,8,
ddeeefrr,deferred,8,
cijnnotu,junction,8,
acillnor,carillon,8,
cmostu,custom,6,
adeimr,admire,6,
abeerv,beaver,6,
ghiknt,knight,6,
efgort,forget,6,
aellry,really,6,
ceinot,notice,6,
oprstu,sprout,6,
eimntu,minute,6,
deenrt,tender,6,
beggist,biggest,7,
aeilotv,violate,7,
cenostt,contest,7,
eggjlru,juggler,7,
addeiitv,additive,8,
aacciltt,tactical,8,
ceeorrvy,recovery,8,
aehrrt,rather,6,
eeirvw,viewer,6,
ceelrtu,lecture,7,
cdddeei,decided,7,
aginrvy,varying,7,
aeekmrt,meerkat,7,
abertty,battery,7,
inooprt,portion,7,
deeegrs,degrees,7,
acinotu,auction,7,
beeilnss,sensible,8,
aaellorv,alveolar,8,
adortw,toward,6,
aellmt,mallet,6,
aerrty,artery,6,
deirrv,driver,6,
aempttt,attempt,7,
cenoqru,conquer,7,
acmopss,compass,7,
deiistv,visited,7,
cdenoss,seconds,7,
enrrsuy,nursery,7,
eiorssu,serious,7,
fhhikoos,fishhook,8,
acdeeinu,audience,8,
aacdimrt,dramatic,8,
anorty,notary,6,
aabcrs,scarab,6,
celors,closer,6,
aceert,create,6,
deflor,folder,6,
adeelr,leader,6,
deeinv,devein,6,
achirty,charity,7,
aceflru,careful,7,
enorsuv,nervous,7,
eikmmrs,skimmer,7,
acorrtt,tractor,7,
eglnost,longest,7,
cemnooy,economy,7,
aaegssu,sausage,7,
eginstt,testing,7,
giiklnn,linking,7,
iklmorsw,silkworm,8,
ennooppt,opponent,8,
iioprrty,priority,8,
abknprtu,bankrupt,8,
aeirtw,waiter,6,
ghirtw,wright,6,
aertty,treaty,6,
abelrr,barrel,6,
deintu,united,6,
efilrt,filter,6,
aloppru,popular,7,
bdeelss,blessed,7,
aemnpty,payment,7,
acefinn,finance,7,
ddeenps,depends,7,
giinrtw,writing,7,
ddeeentx,extended,8,
aadeeqtu,adequate,8,
abhilnot,biathlon,8,
agiinnrt,training,8,
cekopt,pocket,6,
abclmy,cymbal,6,
acepst,aspect,6,
cekort,rocket,6,
abegln,bangle,6,
adeimn,median,6,
eemort,remote,6,
ceerst,secret,6,
agmnsty,gymnast,7,
ehosttt,hottest,7,
bdeeiss,besides,7,
effilry,firefly,7,
bgiilno,boiling,7,
aceghns,changes,7,
belortu,trouble,7,
cepsstu,suspect,7,
dgiinrv,driving,7,
adimstu,stadium,7,
aiorsuv,various,7,
acefiipr,pacifier,8,
abhlosww,washbowl,8,
aabilnot,ablation,8,
beeelmrs,resemble,8,
accnortt,contract,8,
aprsy,spray,5,
aefst,feast,5,
ailmny,mainly,6,
delmou,module,6,
denorv,vendor,6,
addelp,paddle,6,
adilns,island,6,
deelrw,welder,6,
aefmrr,farmer,6,
aeiprr,repair,6,
accmopt,compact,7,
aejlosu,jealous,7,
cehrstt,stretch,7,
aefilru,failure,7,
abglnoo,bologna,7,
accehns,chances,7,
aegimry,imagery,7,
efgirsu,figures,7,
eiilmps,implies,7,
clnostu,consult,7,
aeginrw,wearing,7,
adgilno,loading,7,
cdinotu,conduit,7,
cdeinot,noticed,7,
deginrr,grinder,7,
ckoopstt,stockpot,8,
adfillln,landfill,8,
acdiijlu,judicial,8,
dfnoopru,profound,8,
eenoortv,overtone,8,
acennnou,announce,8,
aacdejnt,adjacent,8,
aacmnoor,macaroon,8,
deefiint,definite,8,
deepsy,speedy,6,
acelot,locate,6,
elrsuy,surely,6,
degist,digest,6,
defgir,fridge,6,
beilmo,mobile,6,
deirst,stride,6,
dfghios,dogfish,7,
ccghino,gnocchi,7,
eefmpru,perfume,7,
aiilorv,ravioli,7,
adilpsy,display,7,
addimno,diamond,7,
abemssy,embassy,7,
emooprt,promote,7,
ailmnno,nominal,7,
aflmoru,formula,7,
hiorsty,history,7,
deeiops,episode,7,
degillr,grilled,7,
eflmorry,formerly,8,
chiiorst,historic,8,
adeipttu,aptitude,8,
aiilmrty,military,8,
abenry,nearby,6,
ilmpsy,simply,6,
abnrtu,turban,6,
abbdmor,bombard,7,
deeefns,defense,7,
aaimrsu,samurai,7,
eginnop,opening,7,
aacilpt,capital,7,
aelmorv,removal,7,
ceeirsv,service,7,
ceeipss,species,7,
aeesstt,estates,7,
eforrsu,ferrous,7,
eiimnrt,interim,7,
eeehrrvw,wherever,8,
adeervyy,everyday,8,
aceginno,canoeing,8,
aekst,takes,5,
abellt,ballet,6,
cehoos,choose,6,
achnor,anchor,6,
acdenr,dancer,6,
eflorw,flower,6,
abeiptz,baptize,7,
ahnoopr,harpoon,7,
eeforrv,forever,7,
ailrtuv,virtual,7,
egilmps,glimpse,7,
acdelot,located,7,
aaginst,against,7,
acellry,clearly,7,
acinnot,contain,7,
eelrstt,letters,7,
fiilmpsy,simplify,8,
giiilmnt,limiting,8,
acepr,recap,5,
ahmrtw,warmth,6,
ciksty,sticky,6,
efginr,finger,6,
aackltw,catwalk,7,
aimprry,primary,7,
hlprsuu,sulphur,7,
aeglppr,grapple,7,
accehos,coaches,7,
addeisv,advised,7,
cceelry,recycle,7,
adiorsv,advisor,7,
aeenrtv,veteran,7,
ceoorst,scooter,7,
eeqrstu,request,7,
bccemruu,cucumber,8,
aaegimrr,marriage,8,
cdeeiimn,medicine,8,
cdeiinnt,incident,8,
